{
    "LogisticRegression": {
        "accuracy": 0.79,
        "precision": 0.6875,
        "recall": 0.55,
        "f1": 0.6111111111111112,
        "roc_auc": 0.8125000000000001
    },
    "DecisionTree": {
        "accuracy": 0.695,
        "precision": 0.4927536231884058,
        "recall": 0.5666666666666667,
        "f1": 0.5271317829457365,
        "roc_auc": 0.7077976190476191
    },
    "RandomForest": {
        "accuracy": 0.785,
        "precision": 0.6976744186046512,
        "recall": 0.5,
        "f1": 0.5825242718446602,
        "roc_auc": 0.8201190476190476
    },
    "XGBoost": {
        "accuracy": 0.735,
        "precision": 0.5538461538461539,
        "recall": 0.6,
        "f1": 0.576,
        "roc_auc": 0.7863095238095237
    }
}